job_title,city,country,date_post,date_deadline
.Net Developer,Jakarta Pusat,Indonesia,2023-05-08,2023-05-20
DevOps and Data Engineer,Tangerang Selatan,Indonesia,2023-05-05,2023-08-26
Data Analytics Manager,Jakarta Barat,Indonesia,2023-05-03,2023-05-31
Data Quality Analyst,Jakarta Pusat,Indonesia,2023-05-02,2023-07-02
Data Analytic Specialist ETL,Tangerang,Indonesia,2023-05-08,2023-06-05
Odoo Developer,Jakarta Pusat,Indonesia,2023-05-04,2023-06-30
Data Scientist,Jakarta Barat,Indonesia,2023-05-10,2023-07-31
Senior Data Engineer,Jakarta Utara,Indonesia,2023-04-15,2023-05-31
iOS Developer,Jakarta Selatan,Indonesia,2023-05-10,2023-06-10
iOS Developer,Jakarta Selatan,Indonesia,2023-05-04,2023-07-30
Finance Manager,Jakarta Pusat,Indonesia,2023-05-13,2023-06-15
Management Trainee Dealer Financing - Bali,Denpasar,Indonesia,2023-05-11,2023-06-05
Illustrator,Tangerang Selatan,Indonesia,2023-05-10,2023-06-30
Business Intelligence Developer,Jakarta Selatan,Indonesia,2023-05-05,2023-07-02
Auditor,Jakarta Selatan,Indonesia,2023-05-12,2023-07-31
Senior Data Analyst,Jakarta Utara,Indonesia,2023-03-15,2023-05-31
Data Scientist,Jakarta Selatan,Indonesia,2023-05-10,2023-05-10
Key Account Jr. Executive,Jakarta Selatan,Indonesia,2023-04-15,2023-06-12
Backend Developer,Tangerang Selatan,Indonesia,2023-04-15,2023-07-31
Business Consultant,Jakarta Utara,Indonesia,2023-04-15,2023-07-11
B2B Commercial Sales Account,Jakarta Timur,Indonesia,2023-05-06,2023-06-05
Data Entry,Jakarta Selatan,Indonesia,2023-04-15,2023-05-31
Data Analyst,Jakarta Selatan,Indonesia,2023-05-09,2023-07-04
Program Staf Pendukung Operasi (PSPO),Jakarta Pusat,Indonesia,2023-05-10,2023-12-12
Business Intelligence Instructor,Jakarta Pusat,Indonesia,2023-04-15,2023-05-31
Moderation Trainers,Denpasar,Indonesia,2023-05-13,2023-05-28
ETL Developer,Jakarta Selatan,Indonesia,2023-04-15,2023-05-30
Oracle DBA,Jakarta Pusat,Indonesia,2023-05-02,2023-07-31
Growth Campaign,Jakarta Selatan,Indonesia,2023-03-15,2023-05-26
Credit Analyst (Retail Underwriter Officer),Yogyakarta,Indonesia,2023-03-15,2023-12-31
System Administrator,Jakarta Pusat,Indonesia,2023-05-11,2023-07-10
Data Engineer,Jakarta Selatan,Indonesia,2023-04-27,2023-04-26
Presales SSA,Jakarta Barat,Indonesia,2023-05-10,2023-05-30
Software Quality Assurance (QA),Jakarta Selatan,Indonesia,2023-05-08,2023-11-12
Senior Accountant,Surabaya,Indonesia,2023-04-26,2023-05-24
Account Executive,Jakarta Barat,Indonesia,2023-03-15,2023-05-21
Data Governance Manager,Jakarta Selatan,Indonesia,2023-05-11,2023-07-09
Data Engineer,Tangerang,Indonesia,2023-04-28,2023-04-26
Merchant Acquisition Officer,Jakarta Selatan,Indonesia,2023-05-10,2023-07-08
Study Abroad Counselor,Jakarta Selatan,Indonesia,2023-05-05,2023-07-03
Account Executive,Jakarta Selatan,Indonesia,2023-05-02,2023-07-01
Android Developer,Jakarta Selatan,Indonesia,2023-04-15,2023-05-31
Software Developer,Jakarta Pusat,Indonesia,2023-04-15,2023-05-31
IT Microservices Architecture,Jakarta Pusat,Indonesia,2023-05-08,2023-06-30
API Specialist,Jakarta Pusat,Indonesia,2023-05-10,2023-07-31
Antifraud Analytics Manager,Jakarta Selatan,Indonesia,2023-05-11,2023-07-09
Area Sales Manager Food Service Bandung,Bandung,Indonesia,2023-04-26,2023-06-18
Accounting (Project Based) PT Dyandra Promosindo,Jakarta Pusat,Indonesia,2023-05-12,2023-05-31
Customer Relation Coordinator,Jakarta Selatan,Indonesia,2023-05-12,2023-07-11
Senior Software Developer,Jakarta Pusat,Indonesia,2023-05-13,2023-05-12
Back-End Java Developer,Jakarta Selatan,Indonesia,2023-05-11,2023-05-29
Brand Manager,Jakarta Pusat,Indonesia,2023-05-13,2023-07-11
IT Development Manager,Jakarta Pusat,Indonesia,2023-05-09,2023-07-07
Client Success Manager,Jakarta Pusat,Indonesia,2023-05-12,2023-07-07
Data Engineer,Jakarta Pusat,Indonesia,2023-01-15,2023-01-15
IT Application Support,Jakarta Pusat,Indonesia,2023-05-09,2023-10-02
SAP SD Support,Jakarta Pusat,Indonesia,2023-04-15,2023-06-13
Server Engineer,Jakarta Pusat,Indonesia,2023-04-28,2023-08-08
IT - System & Cloud Administrator,Jakarta Pusat,Indonesia,2023-05-08,2023-08-31
Operations Intern,Jakarta Selatan,Indonesia,2023-05-08,2023-06-30
Sales Manager,Jakarta Selatan,Indonesia,2023-05-08,2023-09-21
Bancassurance Officer (Area: DKI Jakarta & Jawa Barat),Jakarta Pusat,Indonesia,2023-05-05,2023-05-17
Beauty Product Development,Jakarta Selatan,Indonesia,2023-05-04,2023-08-03
Account Executive,Jakarta Selatan,Indonesia,2023-05-02,2023-07-01
Business Consultant - Penempatan Jakarta Selatan,Jakarta Selatan,Indonesia,2023-04-15,2023-07-30
Centro Data Video Editing Staff,Tangerang,Indonesia,2023-04-15,2023-06-16
Software Developer,Jakarta Pusat,Indonesia,2023-04-15,2023-05-31
API Specialist,Jakarta Pusat,Indonesia,2023-05-10,2023-07-31
Flutter Mobile | Web Developer,Jakarta Pusat,Indonesia,2023-03-15,2023-07-01
Area Sales Manager Food Service Bandung,Bandung,Indonesia,2023-04-26,2023-06-18
BFI Finance X Arkavidia - Data Architect,Tangerang,Indonesia,2023-02-15,2023-12-30
BFI Finance X Arkavidia - Data Engineer,Tangerang,Indonesia,2023-02-15,2023-12-31
Data Analyst (Underwriting),Jakarta Selatan,Indonesia,2023-04-28,2023-08-31
Android Developer,Jakarta Selatan,Indonesia,2023-04-15,2023-05-31
IT Unified Communication Supervisor,Jakarta Pusat,Indonesia,2023-04-26,2023-06-19
IT MIS & Customer Application,Jakarta Selatan,Indonesia,2023-04-15,2023-06-11
Accounting Staff,Bandung,Indonesia,2023-05-09,2023-07-07
Marketing Syariah - Mojokerto,Mojokerto,Indonesia,2023-05-11,2023-09-30
Android Developer (Contract Based),Jakarta Selatan,Indonesia,2023-05-12,2023-07-10
Senior Partnership,Jakarta Selatan,Indonesia,2023-04-15,2023-06-09
SAP SD Support,Jakarta Pusat,Indonesia,2023-04-15,2023-06-13
Marketing Consultant,Jakarta Pusat,Indonesia,2023-04-15,2023-06-11
Kepala Produksi Bread Crumb,Bandung,Indonesia,2023-04-15,2023-05-30
Key Account Manager,Jakarta Selatan,Indonesia,2023-05-10,2023-06-30
Brand Marketing,Jakarta Selatan,Indonesia,2023-03-15,2023-05-31
Field Asset Management - Sumbawa,Sumbawa,Indonesia,2023-04-26,2023-05-31
Technical Consultant,Jakarta Pusat,Indonesia,2023-04-15,2023-06-12
Product Analyst,Jakarta Barat,Indonesia,2023-05-04,2023-06-03
Credit & Industry Specialist,Jakarta Pusat,Indonesia,2023-04-15,2023-05-23
Server Engineer,Jakarta Pusat,Indonesia,2023-04-28,2023-08-08
Renewal (Retention/Account Management),Jakarta Pusat,Indonesia,2023-03-15,2023-05-27
Operations Intern,Jakarta Selatan,Indonesia,2023-05-08,2023-06-30
Operational QA Data Analyst,Tangerang,Indonesia,2023-04-15,2023-05-29
Central Leader,Tangerang,Indonesia,2023-04-15,2023-05-30
Treasury Manager,Jakarta Selatan,Indonesia,2023-04-15,2023-06-17
Corporate Development Intern,Jakarta Pusat,Indonesia,2023-05-08,2023-06-30
Business Account Manager,Jakarta Timur,Indonesia,2023-04-15,2023-06-05
Data Analyst,Jakarta Pusat,Indonesia,2023-02-15,2023-12-13
B2B Sales Manager,Jakarta Barat,Indonesia,2023-04-15,2023-10-04
"DevOps, SAP & Data Analyst Bootcamp",Jakarta Timur,Indonesia,2023-03-15,2023-05-31
Telemarketer,Jakarta Pusat,Indonesia,2023-04-15,2023-06-11
Growth B2C Lead,Tangerang Selatan,Indonesia,2023-05-05,2023-07-03
IT Quality Assurance Automation - Pakuwon Tower Recruitment Center IGLO,Jakarta Selatan,Indonesia,2023-04-15,2023-12-31
Business Development,Jakarta Selatan,Indonesia,2023-04-15,2023-05-20
Risk Manager | PinjamModal,Tangerang,Indonesia,2023-03-15,2023-05-22
.Net Developer,Jakarta Pusat,Indonesia,2023-04-15,2023-07-31
IT: Android Developer,Tangerang Selatan,Indonesia,2023-03-15,2023-05-31
UX Researcher,Jakarta Pusat,Indonesia,2023-05-03,2023-11-10
Accounting Associate,Jakarta Pusat,Indonesia,2023-04-15,2023-05-25
Fullstack Engineer,Jakarta Pusat,Indonesia,2023-01-15,2023-12-31
Data Engineer/ ETL,Jakarta Selatan,Indonesia,2023-04-28,2023-08-25
Sales Manager,Jakarta Selatan,Indonesia,2023-05-08,2023-09-21
Senior Content Writer,Jakarta Utara,Indonesia,2023-05-03,2023-06-30
Bancassurance Officer (Area: DKI Jakarta & Jawa Barat),Jakarta Pusat,Indonesia,2023-05-05,2023-05-17
Frontend React.Js (Contract Based),Jakarta Pusat,Indonesia,2023-04-15,2023-05-30
Sales Operations Specialist,Jakarta Utara,Indonesia,2023-05-04,2023-05-03
Customer Research,Tangerang,Indonesia,2023-04-15,2023-06-13
AML (Anti Money Laundering) Staff,Jakarta Selatan,Indonesia,2023-05-03,2023-07-01
IT Treasury Business Analyst,Jakarta Pusat,Indonesia,2023-04-26,2023-06-20
Data Analyst (Underwriting),Jakarta Selatan,Indonesia,2023-04-28,2023-08-31
IT Security Architect,Jakarta Selatan,Indonesia,2023-05-08,2023-08-30
Package Consultant - SAP SCM SD & PP,Jakarta Pusat,Indonesia,2023-05-10,2023-07-08
Head of Corporate Sales,Jakarta Selatan,Indonesia,2023-05-12,2023-06-12
Senior Data Scientist,Tangerang,Indonesia,2023-05-04,2023-07-03
ServiceNow Developer,Jakarta Pusat,Indonesia,2023-05-12,2023-07-10
Customer Development Leader - Food Service (CDL FS) Jakarta,Jakarta Selatan,Indonesia,2023-03-15,2023-05-18
Account Manager,Jakarta Selatan,Indonesia,2023-05-09,2023-07-07
System Analyst,Jakarta Pusat,Indonesia,2023-03-15,2023-05-27
Head of Finance,Jakarta Pusat,Indonesia,2023-05-10,2023-07-07
SPG/SPB,Jakarta Pusat,Indonesia,2023-04-15,2023-06-12
.Net Developer,Jakarta Pusat,Indonesia,2023-04-15,2023-07-31
UX Researcher,Jakarta Pusat,Indonesia,2023-05-03,2023-11-10
Product Development Specialist | PinjamModal,Tangerang,Indonesia,2023-03-15,2023-05-16
Data Engineer/ ETL,Jakarta Selatan,Indonesia,2023-04-28,2023-08-25
Associate Product Manager (Jakarta and Malang),Jakarta Utara,Indonesia,2023-04-28,2023-06-30
Operational QA Data Analyst,Tangerang,Indonesia,2023-04-15,2023-05-29
Business Analyst for Management Internship,Tangerang,Indonesia,2023-04-27,2023-05-31
Machine Learning Engineer,Jakarta Pusat,Indonesia,2023-01-15,2023-01-15
Data Analyst,Jakarta Selatan,Indonesia,2023-05-05,2023-08-03
Commercial & Corporate Operation,Tangerang,Indonesia,2023-04-15,2023-06-17
Sr. iOS Engineer,Jakarta Selatan,Indonesia,2023-01-15,2023-05-30
Backend Developer,Jakarta Barat,Indonesia,2023-03-15,2023-05-22
Treasury Manager,Jakarta Selatan,Indonesia,2023-04-15,2023-06-17
Research Assistant (Contract Based) - Universitas Multimedia Nusantara,Tangerang,Indonesia,2023-04-15,2023-12-31
Data Analyst - KG Media,Jakarta Barat,Indonesia,2023-04-15,2023-06-12
IT Quality Assurance Automation - Pakuwon Tower Recruitment Center IGLO,Jakarta Selatan,Indonesia,2023-04-15,2023-12-31
System Engineer (Information Security Engineer) - Corp. IT & IS,Jakarta Barat,Indonesia,2023-05-12,2023-07-31
System Analyst,Jakarta Utara,Indonesia,2023-04-15,2023-06-09
Senior Business Analyst,Jakarta Pusat,Indonesia,2023-03-15,2023-05-28
DevOps Engineer (Jakarta and Malang),Jakarta Utara,Indonesia,2023-05-04,2023-06-30
BFI Finance X Arkavidia - Technical Lead,Tangerang Selatan,Indonesia,2023-02-15,2023-05-31
Database Engineer,Jakarta Pusat,Indonesia,2023-04-15,2023-12-09
Customer Service - Branch Tasikmalaya,Tangerang,Indonesia,2023-04-15,2023-06-12
Machine Learning Engineer,Jakarta Pusat,Indonesia,2023-01-15,2023-01-15
Data Analyst - KG Media,Jakarta Barat,Indonesia,2023-04-15,2023-06-12
BCA Development Program IT (BDP IT),Jakarta Pusat,Indonesia,2023-04-15,2023-12-31
B2B Sales Executive,Jakarta Barat,Indonesia,2023-03-15,2023-05-17
Backend Developer,Jakarta Barat,Indonesia,2023-03-15,2023-05-22
Tech Lead (Jakarta and Malang),Jakarta Utara,Indonesia,2023-05-03,2023-06-30
HR Industrial Relation Specialist,Jakarta Selatan,Indonesia,2023-05-09,2023-07-03
SAP MM Consultant,Jakarta Pusat,Indonesia,2022-12-15,2023-08-01
Back-end Engineer,Jakarta Selatan,Indonesia,2023-03-15,2023-03-18
Lead Data Engineer,Tangerang,Indonesia,2023-04-15,2023-06-12
Database Analytic & Utilization,Tangerang,Indonesia,2023-04-28,2023-06-27
Inventory Analyst,Jakarta Timur,Indonesia,2023-05-13,2023-07-11
Information & Technology (IT) Security,Jakarta Pusat,Indonesia,2023-05-11,2023-05-26
Data Center System Operator & Facility Management,Jakarta Pusat,Indonesia,2022-11-15,2023-12-13
HR Compensation & Benefits,Bandung,Indonesia,2023-05-09,2023-09-21
Product Development Specialist | PinjamModal,Tangerang,Indonesia,2023-03-15,2023-05-16
Senior IT Engineers (GOV/DEV/INF) / Professional Trainers,Jakarta Pusat,Indonesia,2023-05-02,2023-06-15
Andalin Future Leader Development Program,Jakarta Selatan,Indonesia,2023-05-11,2023-08-30
Back End Developer - Digital IT,Jakarta Pusat,Indonesia,2023-03-15,2023-08-31
Project Management System Specialist,Jakarta Selatan,Indonesia,2023-05-11,2023-05-31
Data Analyst,Jakarta Selatan,Indonesia,2023-04-15,2023-06-17
Business Operation Associate,Jakarta Utara,Indonesia,2023-04-15,2023-06-02
"Audit, Data Analytics",Tangerang,Indonesia,2023-02-15,2023-06-30
President Director,Surabaya,Indonesia,2023-02-15,2023-12-10
Human Capital Internship (Magang),Tangerang,Indonesia,2023-05-03,2023-07-01
Custodian Admin,Tangerang,Indonesia,2023-04-15,2023-05-28
Data Analyst (Business Development),Jakarta Selatan,Indonesia,2023-05-09,2023-07-31
Account Manager (Production House),Jakarta Pusat,Indonesia,2023-03-15,2023-05-30
HR Compensation & Benefits,Bandung,Indonesia,2023-05-09,2023-09-21
Senior IT Engineers (GOV/DEV/INF) / Professional Trainers,Jakarta Pusat,Indonesia,2023-05-02,2023-06-15
.NET Developer,Jakarta Pusat,Indonesia,2023-04-15,2023-12-08
Business Development Manager,Jakarta Pusat,Indonesia,2023-05-04,2023-06-30
Back End Developer - Digital IT,Jakarta Pusat,Indonesia,2023-03-15,2023-08-31
Data Scientist,Jakarta Pusat,Indonesia,2023-04-15,2023-05-31
IT Developer,Jakarta Barat,Indonesia,2023-01-15,2023-12-13
Project Management System Specialist,Jakarta Selatan,Indonesia,2023-05-11,2023-05-31
IOS & Android Developer,Jakarta Barat,Indonesia,2023-04-15,2023-06-11
Quality Assurance Tester,Jakarta Barat,Indonesia,2023-01-15,2023-07-31
"Audit, Data Analytics",Tangerang,Indonesia,2023-02-15,2023-06-30
Senior Digital Strategy Associate (Production House),Jakarta Pusat,Indonesia,2023-04-15,2023-05-20
Account Manager (Mandarin Speaker),Jakarta Barat,Indonesia,2022-12-15,2023-10-10
BFI Finance X Arkavidia - Technical Lead,Tangerang Selatan,Indonesia,2023-02-15,2023-05-31
IT Support,Jakarta Selatan,Indonesia,2023-05-10,2023-07-08
Data Scientist,Jakarta Pusat,Indonesia,2023-04-15,2023-05-31
IT Developer,Jakarta Barat,Indonesia,2023-01-15,2023-12-13
B2B Sales Executive,Jakarta Barat,Indonesia,2023-03-15,2023-05-17
IOS & Android Developer,Jakarta Barat,Indonesia,2023-04-15,2023-06-11
Business Intelligence Senior Analyst,Jakarta Selatan,Indonesia,2023-04-15,2023-06-09
Data and Product Quality Assurance,Jakarta Pusat,Indonesia,2023-04-28,2023-06-26
Purchasing (MT/ Staff),Jakarta Pusat,Indonesia,2023-05-11,2023-07-09
SAP MM Consultant,Jakarta Pusat,Indonesia,2022-12-15,2023-08-01
Back-end Engineer,Jakarta Selatan,Indonesia,2023-03-15,2023-03-18
Senior Digital Strategy Associate (Production House),Jakarta Pusat,Indonesia,2023-04-15,2023-05-20
Account Manager (Mandarin Speaker),Jakarta Barat,Indonesia,2022-12-15,2023-10-10
Marketing Syariah,Tangerang,Indonesia,2023-05-11,2023-07-10
"Finance, Accounting and Tax Supervisor",Jakarta Pusat,Indonesia,2023-05-03,2023-07-01
SALES ADMINISTRATION OFFICER,Jakarta Timur,Indonesia,2022-11-15,2023-05-31
Senior Business Development Staff,Jakarta Selatan,Indonesia,2023-05-03,2023-05-31
System & Cloud Engineer,Jakarta Selatan,Indonesia,2023-04-15,2023-06-04
System Analyst,Jakarta Selatan,Indonesia,2023-04-15,2023-06-29
Pricing Officer,Jakarta Barat,Indonesia,2023-04-21,2023-05-31
Digital Marketing Technology Developer,Tangerang,Indonesia,2023-03-15,2023-05-21
Relationship Manager,Jakarta Selatan,Indonesia,2023-03-15,2023-03-18
MT - Credit Analyst (Tangerang),Tangerang,Indonesia,2023-03-15,2023-05-28
Account Receivable Analyst,Jakarta Selatan,Indonesia,2023-04-28,2023-06-25
MIS Analytics Retail Banking,Jakarta Selatan,Indonesia,2023-04-15,2023-08-31
Software Engineer,Jakarta Pusat,Indonesia,2023-03-15,2023-05-30
Operations Online Staff,Jakarta Selatan,Indonesia,2023-04-15,2023-06-09
Marketing Manager,Jakarta Utara,Indonesia,2023-04-15,2023-06-07
Internship PT BFI Finance Indonesia Tbk,Tangerang,Indonesia,2023-04-15,2023-06-30
Talent Consultant - Multimedia Nusantara Polytechnic,Tangerang,Indonesia,2023-03-15,2023-06-30
BFI Finance X Arkavidia - Data Analyst,Tangerang,Indonesia,2023-02-15,2023-12-31
